"","Country","Year","Co2_Coal","Co2_Gas","Co2_Oil","Co2Oil_percapita","Co2Gas_percapita","Co2Coal_percapita","Coal_percapita","Oil_percapita","Gas_percapita","Nuclear_percapita","Hydro_percapita","Wind_percapita","Solar_percapita","Oil_Consumption","Gas_Consumption","Coal_Consumption","total_co2","tot_co2pc","total_conspc","total_renewpc"
"146","Brazil",2001,49426704,23185590,241794706,1.3646,0.1308,0.2789,839.681,5929.801,693.368,222.389,4172.04,0.544,0,1050.73611083333,122.861938888889,148.788004444444,314407000,1.7743,7462.85,4394.973
"147","Brazil",2002,48688815,29292858,239219326,1.3324,0.1632,0.2712,802.117,5734.647,808.534,211.306,4369.25,0.932,0,1029.58625166667,145.162519722222,144.010391666667,317200999,1.7668,7345.298,4581.488
"148","Brazil",2003,51933112,30919220,232433668,1.2784,0.1701,0.2856,821.845,5495.467,893.647,200.166,4579.577,0.914,0,999.124576388889,162.47292,149.418728888889,315286000,1.7341,7210.959,4780.657
"149","Brazil",2004,53832656,38215091,239768252,1.303,0.2077,0.2926,851.369,5611.39,1050.102,170.815,4719.411,0.897,0,1032.52860472222,193.224837222222,156.656886944444,331815999,1.8033,7512.861,4891.123
"150","Brazil",2005,50948421,39619381,240221198,1.2906,0.2129,0.2737,811.729,5663.692,1081.365,142.423,4876.866,1.343,0,1054.16513805556,201.271156944444,151.0846025,330789000,1.7772,7556.786,5020.632
"151","Brazil",2006,50837875,42052554,242248571,1.2874,0.2235,0.2702,791.712,5710.387,1125.054,195.38,4954.866,3.367,0,1074.50548583333,211.697816944444,148.973973888889,335139000,1.7811,7627.153,5153.613
"152","Brazil",2007,54989055,43245603,256003342,1.3465,0.2275,0.2892,830.336,5875.373,1146.671,172.535,5225.259,9.26,0,1117.08372722222,218.016364166667,157.871721666667,354238000,1.8632,7852.38,5407.054
"153","Brazil",2008,55315497,51302693,267238809,1.3916,0.2672,0.2881,833.893,6075.488,1336.297,192.02,5080.133,16.262,0,1166.67508777778,256.608854722222,160.132355555556,373856999,1.9469,8245.678,5288.415
"154","Brazil",2009,43586053,40958538,262705409,1.3549,0.2113,0.2248,666.405,5962.902,1066.014,175.319,5290.407,16.751,0,1156.12838861111,206.686138055556,129.207160277778,347250000,1.791,7695.321,5482.477
"155","Brazil",2010,56688185,55048824,286079991,1.4617,0.2813,0.2896,859.406,6442.606,1409.036,193.482,5372.755,28.997,0,1260.90717083333,275.7677925,168.197640833333,397817000,2.0326,8711.048,5595.234
"156","Brazil",2011,62292401,53100582,303885017,1.5385,0.2688,0.3154,909.652,6787.028,1391.461,205.456,5619.877,35.488,0,1340.53878444444,274.834249722222,179.669700555556,419278000,2.1227,9088.141,5860.821
"157","Brazil",2012,61016471,63396560,327733969,1.6445,0.3181,0.3062,892.163,6938.48,1634.655,207.294,5368.246,65.271,0.013,1382.74772388889,325.765332777778,177.796409444444,452147000,2.2688,9465.298,5640.824
"158","Brazil",2013,65604089,74703787,342338124,1.7029,0.3716,0.3263,953.28,7273.845,1909.25,196.756,4979.38,83.745,0.061,1462.30358416667,383.827727777778,191.643494444444,482646000,2.4008,10136.375,5259.942
"159","Brazil",2014,69033897,81285725,356753378,1.7595,0.4009,0.3405,1004.944,7432.725,2005.065,193.017,4687.073,153.252,0.202,1509.28519027778,406.5547425,203.766369722222,507073000,2.5009,10442.734,5033.544
"160","Brazil",2015,69451663,80464761,330358576,1.6157,0.3935,0.3397,1002.474,6914.214,2099.876,182.294,4450.802,267.557,0.729,1414.33621138889,429.365408611111,204.977711388889,480275000,2.3489,10016.564,4901.382
"161","Brazil",2016,63831218,69665669,312939113,1.5179,0.3379,0.3096,898.059,6509.155,1798.961,193.515,4646.386,408.5,1.04,1341.5733525,370.878824444444,185.14636,446436000,2.1654,9206.175,5249.441
"162","Brazil",2017,67321941,70687790,317819665,1.5292,0.3401,0.3239,939.555,6549.189,1810.679,189.324,4461.575,509.701,10.006,1362.49632972222,376.320283611111,195.271415555556,455829396,2.1932,9299.423,5170.606
"163","Brazil",2018,65828104,67417072,305902790,1.4604,0.3218,0.3143,923.414,6222.115,1713.42,185.973,4615.202,575.165,41.07,1311.40856027778,358.907976666667,190.938451666667,439147966,2.0965,8858.949,5417.41
"164","Brazil",2019,62068784,67121321,311676279,1.4768,0.318,0.2941,863.51,6226.181,1696.732,189.66,4684.894,655.083,65.266,1336.15956861111,357.333488055556,180.034312777778,440866384,2.0889,8786.423,5594.903
"184","Canada",2001,126825289,165582744,241582168,7.8232,5.3621,4.107,11975.155,35896.669,27215.76,6806.6,29628.001,29.403,1.75,1140.46315111111,840.422,369.123055555556,533990201,17.2923,75087.584,36465.754
"185","Canada",2002,124207371,172158428,242477145,7.7771,5.5217,3.9838,11933.772,36547.126,28053.947,6595.847,30716.829,35.618,2,1183.05210694444,874.66525,371.271388888889,538842944,17.2826,76534.845,37350.294
"186","Canada",2003,123322189,175183825,258366025,8.2052,5.5635,3.9165,11791.671,37441.603,28513.996,6434.675,29082.985,59.699,1.972,1227.18739916667,897.848,370.3575,556872039,17.6852,77747.27,35579.331
"187","Canada",2004,115671275,171314658,267369784,8.4038,5.3846,3.6357,10965.408,38392.931,27603.283,7637.133,28792.936,80.406,1.214,1280.92086277778,878.19775,349.854166666667,554355717,17.4241,76961.622,36511.689
"188","Canada",2005,116765220,171842495,261124624,8.1185,5.3426,3.6303,10866.039,37641.968,26907.636,7643.783,30270.362,129.794,1.545,1245.55495722222,883.802,348.345,549732339,17.0914,75415.643,38045.484
"189","Canada",2006,114090517,171445385,259315166,7.9699,5.2692,3.5065,10424.329,36760.106,26200.101,7991.942,28990.163,201.106,1.864,1256.57105333333,875.83925,337.433333333333,544851068,16.7456,73384.536,37185.075
"190","Canada",2007,118793126,182848847,266591489,8.0955,5.5525,3.6074,10696.051,37404.857,27604.073,7488.75,29652.767,240.145,2.335,1291.31180416667,933.61125,352.769722222222,568233462,17.2554,75704.981,37383.997
"191","Canada",2008,112632130,184155307,257765870,7.732,5.5239,3.3785,10255.897,36488.764,26797.152,7550.168,29890.054,299.98,2.771,1246.07264888889,932.03225,335.230277777778,554553307,16.6344,73541.813,37742.973
"192","Canada",2009,93378892,177770082,253650501,7.5164,5.2679,2.7671,8093.855,33968.263,25652.29,6955.13,28662.249,516.331,8.497,1213.95156972222,905.26375,280.078333333333,524799475,15.5514,67714.408,36142.207
"193","Canada",2010,96049735,180144652,259870308,7.6102,5.2755,2.8128,8434.574,36051.814,25852.457,6874.07,26829.92,666.134,19.409,1268.73597666667,920.159,286.985277777778,536064695,15.6985,70338.845,34389.533
"194","Canada",2011,87053334,197435403,262233711,7.5924,5.7163,2.5204,7469.324,36530.312,28238.014,6973.159,28190.598,764.45,42.887,1271.22375472222,1011.23825,258.726111111111,546722448,15.8291,72237.65,35971.094
"195","Canada",2012,81577306,198952615,264178570,7.5648,5.6971,2.336,7019.824,35061.33,27836.322,6948.143,28047.556,834.307,64.98,1287.76724361111,998.05275,247.413333333333,544708491,15.5979,69917.476,35894.986
"196","Canada",2013,79248548,205109055,264354670,7.4895,5.811,2.2452,6842.742,34705.821,29539.028,7450.756,28418.13,808.427,108.714,1281.44662,1059.4485,239.327519722222,548712273,15.5457,71087.591,36786.027
"197","Canada",2014,76346519,211549093,257521301,7.2207,5.9317,2.1407,6400.971,34902.277,30729.261,7602.093,27294.539,914.601,151.265,1281.078375,1103.5305,228.565446944444,545416913,15.2931,72032.509,35962.498
"198","Canada",2015,77670226,211835065,258909963,7.1866,5.88,2.1559,6419.715,33699.689,30464.135,7099.155,26837.059,1893.541,203.283,1284.57979305556,1104.53825,228.921505833333,548415254,15.2225,70583.539,36033.038
"199","Canada",2016,72956503,206868546,257009072,7.064,5.6859,2.0052,5971.543,33915.569,29185.728,6962.013,26641.11,2138.099,226.141,1281.01562638889,1064.4345,214.056086666667,536834121,14.7551,69072.84,35967.363
"200","Canada",2017,72208647,212052621,260722873,7.098,5.773,1.9658,5893.602,33621.239,29762.036,6846.54,26855.855,2144.836,243.712,1269.89524583333,1103.056,217.777232222222,544984141,14.8368,69276.877,36090.943
"201","Canada",2018,60252820,226646907,267812024,7.2236,6.1133,1.6252,4874.315,34388.259,31902.75,6705.749,25868.004,2224.703,258.369,1315.0439975,1164.2125,181.330363888889,554711751,14.9621,71165.324,35056.825
"202","Canada",2019,57821220,229266859,270083235,7.2193,6.1283,1.5456,4147.866,33412.07,32159.676,6651.117,25282.895,2261.838,285.589,1327.9799225,1178.44225,176.303375833333,557171314,14.8932,69719.612,34481.439
"222","China",2001,2428857223,67157528,659300870,0.5075,0.0517,1.8696,6647.342,2094.378,212.802,37.116,589.345,1.528,0.066,2720.86759277778,276.457718888889,8635.75475,3155315621,2.4288,8954.522,628.055
"223","China",2002,2778770272,53992704,653086016,0.4995,0.0413,2.1255,7241.71,2247.299,224.986,52.699,603.966,1.756,0.101,2938.00831388889,294.135693333333,9467.45753611111,3485848992,2.6663,9713.995,658.522
"224","China",2003,3319279888,60745456,727098816,0.5528,0.0462,2.5236,8578.297,2487.278,259.824,89.773,587.58,2.065,0.133,3271.52445833333,341.747295833333,11283.0585777778,4107124160,3.1226,11325.399,679.551
"225","China",2004,3835288336,71521280,839092640,0.6342,0.0541,2.8987,9942.891,2887.248,302.203,103.259,723.345,2.614,0.155,3820.07196944444,399.8397,13155.2797027778,4745902256,3.587,13132.342,829.373
"226","China",2005,4424389920,84957168,850172576,0.6389,0.0638,3.3247,11576.041,2920.685,352.991,107.306,802.484,3.934,0.17,3886.77454444444,469.751081944444,15405.1057388889,5359519664,4.0274,14849.717,913.894
"227","China",2006,4905374192,103753488,898533712,0.6713,0.0775,3.6651,12640.677,3119.359,431.735,109.528,870.315,7.413,0.19,4174.97446388889,577.837570833333,16918.3817388889,5907661392,4.4139,16191.771,987.446
"228","China",2007,5289903664,129515072,927351072,0.689,0.0962,3.9301,13687.972,3254.878,528.07,122.61,957.644,10.813,0.225,4381.04254722222,710.778988055556,18423.9129361111,6346769808,4.7153,17470.92,1091.292
"229","China",2008,5729473744,149674400,970117280,0.7167,0.1106,4.2329,13827.101,3301.741,605.311,133.383,1242.21,25.548,0.296,4469.13024444444,819.329058888889,18715.9206222222,6849265424,5.0602,17734.153,1401.437
"230","China",2009,6028500112,164403680,982347712,0.7217,0.1208,4.4289,14403.514,3406.868,662.843,135.012,1186.566,53.224,0.538,4637.32009444444,902.240299722222,19605.6012694444,7175251504,5.2714,18473.225,1375.34
"231","China",2010,6568793552,199585408,1092571824,0.7982,0.1458,4.7989,14859.825,3854.11,795.392,142.372,1355.07,94.098,1.335,5275.54438055556,1088.74054888889,20340.2758888889,7860950784,5.7429,19509.327,1592.875
"232","China",2011,7309786256,245989968,1123858720,0.8165,0.1787,5.3104,16085.619,3971.914,981.934,164.167,1295.349,139.504,4.914,5467.32718888889,1351.62872138889,22141.8053305556,8679634944,6.3056,21039.467,1603.934
"233","China",2012,7464806432,277599296,1176711920,0.8501,0.2005,5.3928,16197.193,4140.441,1089.995,182.953,1605.505,191.757,6.689,5731.21900833333,1508.77582166667,22420.2336722222,8919117648,6.4434,21427.629,1986.904
"234","China",2013,7493454393,320127464,1234621903,0.887,0.23,5.3837,16452.775,4298.439,1234.864,205.096,1673.15,254.324,15.403,5982.91883055556,1718.78542,22900.3191138889,9048203760,6.5007,21986.078,2147.973
"235","China",2014,7425069470,353590788,1263072873,0.9025,0.2527,5.3057,16242.529,4449.964,1345.977,242.257,1927.053,290.529,42.757,6218.29491111111,1883.63135583333,22914.6599416667,9041733131,6.4609,22038.47,2502.596
"236","China",2015,7266978833,366649291,1327577623,0.9437,0.2606,5.1654,15822.148,4719,1383.871,308.169,2004.098,333.727,70.993,6732.65018611111,1946.89528027778,22482.4391805556,8961205747,6.3697,21925.019,2716.987
"237","China",2016,7071406416,402761536,1335304496,0.9443,0.2848,5.0008,15537.064,4814.361,1481.146,379.124,2051.012,428.355,118.316,6961.92588055556,2094.41088833333,22281.4074194444,8809472448,6.2299,21832.571,2976.807
"238","China",2017,7137264119,464452128,1390824562,0.9787,0.3268,5.0226,15496.968,4997.41,1692.012,436.482,2049.697,535.882,207.245,7278.48746111111,2412.51942,22385.4434,8992540809,6.3281,22186.39,3229.306
"239","China",2018,7316399776,519833664,1495472592,1.0475,0.3641,5.1248,15532.701,5171.8,1982.255,513.563,2087.134,636.819,307.964,7517.87459166667,2839.25,22530.4847222222,9331706032,6.5364,22686.756,3545.48
"240","China",2019,7377669993,564602147,1543583521,1.0766,0.3938,5.1456,15823.486,5406.453,2143.516,602.223,2192.792,700.665,386.514,7759.73253888889,3083.76843611111,22719.1632722222,9485855661,6.616,23373.455,3882.194
"431","Germany",2001,376535883,173813082,340234346,4.177,2.1339,4.6227,12214.708,19532.063,10735.908,5803.984,787.428,356.055,2.575,1590.9634,874.481944444444,994.936037777778,890583311,10.9336,42482.679,6950.042
"432","Germany",2002,375801987,173623112,325520494,3.9924,2.1294,4.6091,12229.713,18860.381,10708.634,5543.466,795.72,530.867,5.448,1537.77996194444,873.127777777778,997.148815555556,874945593,10.7309,41798.728,6875.501
"433","Germany",2003,379536855,174872568,320979676,3.9329,2.1427,4.6504,12419.692,18473.77,10828.049,5509.876,591.579,624.66,10.448,1507.717065,883.719722222222,1013.61992666667,875389099,10.726,41721.511,6736.563
"434","Germany",2004,375989519,173357043,311613844,3.8166,2.1233,4.6051,12102.379,18255.534,10878.809,5539.113,666.292,845.762,18.468,1490.490135,888.210555555556,988.1100125,860960406,10.545,41236.722,7069.635
"435","Germany",2005,363237057,173429605,305215296,3.7403,2.1253,4.4513,11585.211,17892.219,11063.456,5374.246,647.359,897.548,42.259,1460.05760194444,902.810491944444,945.387242777778,841881958,10.3169,40540.886,6961.412
"436","Germany",2006,369593624,178395732,304937847,3.7428,2.1897,4.5364,12069.325,17886.37,11293.079,5490.666,656.445,1007.543,72.834,1457.23717722222,920.068965,983.311267222222,852927203,10.4689,41248.774,7227.488
"437","Germany",2007,379384805,174440529,271173463,3.3364,2.1462,4.6678,12405.418,16233.908,10905.321,4592.802,691.826,1297.863,100.494,1319.45855861111,886.361958611111,1008.28672416667,824998797,10.1504,39544.647,6682.985
"438","Germany",2008,356218756,179833964,293273738,3.6177,2.2184,4.3942,11494.449,17258.412,11040.473,4844.628,665.686,1321.212,143.929,1399.06934527778,895.006303055555,931.808231111111,829326458,10.2303,39793.334,6975.455
"439","Germany",2009,317945854,167411633,282104665,3.4871,2.0694,3.9301,10312.647,16561.674,10436.365,4375.631,617.145,1253.293,213.476,1339.83836777778,844.301216388889,834.292436388889,767462152,9.4866,37310.686,6459.545
"440","Germany",2010,343446644,184003635,282158872,3.4909,2.2765,4.2492,11087.544,16796.929,10896.275,4534.137,675.914,1243.471,378.361,1357.64426972222,880.7125,896.172222222222,809609151,10.0166,38780.748,6831.883
"441","Germany",2011,344695751,168410508,271429550,3.357,2.0829,4.2631,11264.369,16242.108,10000.592,3460.519,566.403,1597.936,628.155,1313.27082388889,808.607222222222,910.791111111111,784535809,9.703,37507.069,6253.013
"442","Germany",2012,349766708,168062225,271886956,3.3578,2.0755,4.3196,11560.334,16121.304,10016.934,3163.833,702.685,1643.946,839.151,1305.38928833333,811.100555555556,936.074166666667,789715889,9.7529,37698.572,6349.615
"443","Germany",2013,356836014,170536122,280301565,3.4531,2.1009,4.3959,11868.325,16437.079,10468.18,3068.545,725.361,1663.335,978.061,1334.26239444444,849.743333333333,963.398611111111,807673701,9.9499,38773.584,6435.302
"444","Germany",2014,344848417,152270963,271274475,3.3305,1.8695,4.2338,11367.658,15940.075,9072.448,3034.804,612.001,1827.744,1126.573,1298.31804222222,738.950277777778,925.895,768393855,9.4338,36380.181,6601.122
"445","Germany",2015,341011469,157455433,273468194,3.3436,1.9252,4.1695,11188.289,15852.682,9409.035,2839.054,586.985,2493.791,1197.839,1296.54226333333,769.536111111111,915.055833333333,771935096,9.4383,36450.006,7117.669
"446","Germany",2016,329443014,169467967,278132490,3.3839,2.0618,4.0081,10827.259,16099.956,10327.374,2589.449,628.633,2445.342,1165.641,1323.31872805556,848.8475,889.935,777043471,9.4538,37254.589,6829.065
"447","Germany",2017,310735418,171375878,279511257,3.3815,2.0733,3.7593,10113.121,16357.086,10614.646,2308.441,609.439,3196.699,1191.688,1352.04293611111,877.384722222222,835.929722222222,761622553,9.2141,37084.853,7306.267
"448","Germany",2018,295659712,169548551,264941088,3.1873,2.0397,3.5568,9704.666,15485.678,10328.039,2272.526,537.447,3287.501,1368.928,1286.68261277778,858.507222222222,806.69,730149351,8.7838,35518.383,7466.402
"449","Germany",2019,240003982,173082235,274635559,3.2884,2.0724,2.8737,7663.117,15557.671,10615.434,2225.808,598.688,3735.067,1408.845,1294.73674305556,886.870833333333,624.217777777778,687721776,8.2345,33836.222,7968.408
"526","India",2001,582911931,43568933,316115271,0.2941,0.0405,0.5422,1793.234,1191.203,236.537,48.491,184.898,5.353,0.029,1285.02219111111,254.277485,1926.95318055556,942596135,0.8768,3220.974,238.771
"527","India",2002,599450101,47133696,324587833,0.2969,0.0431,0.5483,1841.605,1248.389,242.88,48.534,171.904,5.229,0.033,1311.63428472222,265.544125,2012.78989861111,971171630,0.8883,3332.874,225.7
"528","India",2003,626781581,49987952,329936696,0.2968,0.045,0.5639,1897.234,1259.992,255.747,44.465,169.846,6.384,0.04,1336.14655972222,284.268985,2107.98359611111,1006706229,0.9057,3412.973,220.735
"529","India",2004,670922109,49584753,347518127,0.3076,0.0439,0.5939,1986.088,1272.85,271.499,50.937,241.162,12.522,0.044,1414.2178,306.691385,2243.52852138889,1068024989,0.9454,3530.437,304.665
"530","India",2005,722496537,50438624,351646194,0.3064,0.044,0.6296,2140.2,1275.909,299.106,41.55,228.342,14.042,0.043,1438.14410083333,343.256375,2456.11335,1124581355,0.98,3715.215,283.977
"531","India",2006,774666367,49442016,368891165,0.3165,0.0424,0.6647,2188.296,1319.959,307.831,40.437,258.28,21.414,0.017,1519.21041305556,358.771875,2550.42613638889,1192999548,1.0236,3816.086,320.148
"532","India",2007,843677275,52695648,391027790,0.3305,0.0445,0.713,2359.324,1397.876,328.009,40.032,275.261,26.227,0.132,1622.90057944444,388.102608333333,2791.54411666667,1287400713,1.088,4085.209,341.652
"533","India",2008,912092836,63046601,412316303,0.3434,0.0525,0.7597,2511.365,1444.285,333.045,33.486,253.207,31.611,0.139,1704.71898416667,399.87666,3020.683525,1387455740,1.1556,4288.695,318.443
"534","India",2009,985348666,112684767,431609933,0.3544,0.0925,0.8092,2682.11,1498.776,403.277,36.229,229.094,35.054,0.162,1793.47678861111,491.080847777778,3267.83300555556,1529643366,1.2561,4584.163,300.539
"535","India",2010,1017375668,134244240,438373461,0.3552,0.1088,0.8243,2736.122,1512.065,477.701,48.76,229.717,41.101,0.239,1832.56947944444,589.616220833333,3378.53306666667,1589993369,1.2883,4725.888,319.817
"536","India",2011,1091464571,136364239,458909201,0.367,0.1091,0.873,2833.622,1562.442,482.176,66.79,272.983,49.646,1.714,1920.21644166667,602.858770833333,3542.89705277778,1686738011,1.3491,4878.24,391.133
"537","India",2012,1247112478,125604798,488554125,0.386,0.0992,0.9853,3031.933,1635.02,440.038,67.437,235.596,55.823,4.271,2036.41749277778,556.990918333333,3837.75754166667,1861271401,1.4705,5106.991,363.127
"538","India",2013,1320664418,110689227,495642138,0.387,0.0864,1.0311,3203.249,1626.627,382.712,66.579,263.818,59.981,6.862,2051.26219805556,490.193018333333,4106.99764444444,1926995783,1.5045,5212.588,397.24
"539","India",2014,1447722853,109467500,511166221,0.3945,0.0845,1.1174,3478.803,1654.925,374.356,68.132,273.026,65.715,9.643,2107.812655,485.0156675,4509.63969444444,2068356574,1.5964,5508.084,416.516
"540","India",2015,1487725704,106870633,554788779,0.4235,0.0816,1.1355,3508.774,1768.346,364.896,73.968,257.354,63.22,12.679,2277.95435527778,478.068375,4598.24625833333,2149385116,1.6406,5642.016,407.221
"541","India",2016,1530270592,113622467,613165557,0.4629,0.0858,1.1553,3535.147,1918.417,383.468,71.954,243.752,82.502,21.941,2498.029175,507.909818611111,4678.42354444444,2257058616,1.704,5837.032,420.149
"542","India",2017,1561223559,118922003,631087430,0.4714,0.0888,1.1662,3622.362,1968.536,401.408,69.872,253.702,98.278,40.235,2571.88737694444,537.355448333333,4844.70811666667,2311232992,1.7264,5992.306,462.087
"543","India",2018,1677771190,126201229,655190293,0.4844,0.0933,1.2404,3810.994,2043.397,429.466,71.753,256.564,110.817,66.756,2688.03539166667,580.899140555556,5163.24900555556,2459162712,1.8181,6283.857,505.89
"544","India",2019,1677934376,128680060,674011463,0.4933,0.0942,1.228,3785.242,2081.303,436.769,81.844,293.3,114.738,83.846,2774.39298555556,592.503229722222,5166.01781944444,2480625899,1.8155,6303.314,573.728
"545","Indonesia",2001,64628561,61162388,149855728,0.6989,0.2852,0.3014,906.285,3117.03,1591.899,0,150.003,0,0,675.666813888889,341.345874444444,194.331776388889,275646677,1.2855,5615.214,150.003
"546","Indonesia",2002,66665219,59764222,156843069,0.7216,0.275,0.3067,922.239,3186.95,1707.021,0,125.303,0,0,686.183648055556,371.034471111111,200.455809166667,283272510,1.3033,5816.21,125.303
"547","Indonesia",2003,89489682,62661728,162447104,0.7374,0.2844,0.4062,1221.407,3187.493,1795.578,0,112.519,0,0,694.557958055556,395.581749166667,269.086742222222,314598514,1.428,6204.478,112.519
"548","Indonesia",2004,82216103,61885636,173895339,0.7788,0.2772,0.3682,1107.172,3351.652,1621.338,0,117.283,0,0,741.464126388889,362.021840833333,247.215797777778,317997078,1.4242,6080.162,117.283
"549","Indonesia",2005,94222089,54450704,174754480,0.7723,0.2406,0.4164,1252.013,3281.654,1608.279,0,127.487,0,0,735.082134166667,363.93563,283.316628055555,323427273,1.4293,6141.946,127.487
"550","Indonesia",2006,111640521,57425872,152499344,0.665,0.2504,0.4868,1463.873,3082.946,1618.338,0,112.167,0,0,700.737025,371.113623055556,335.692153333333,321565737,1.4022,6165.157,112.167
"551","Indonesia",2007,140065990,57077792,166224688,0.7153,0.2456,0.6028,1812.445,3215.973,1490.789,0,129.01,0,0,743.182552777778,346.420415,421.164763333333,363368470,1.5637,6519.207,129.01
"552","Indonesia",2008,121844541,60313104,158303120,0.6723,0.2561,0.5175,1555.93,3090.156,1685.765,0,129.238,0.003,0.001,743.205064444444,396.946856111111,366.374644444444,340460765,1.4459,6331.851,129.242
"553","Indonesia",2009,128274197,64540826,181260245,0.7596,0.2705,0.5376,1616.406,3086.327,1764.339,0,125.157,0.04,0.001,757.823834166667,421.008050277778,385.707993611111,374075268,1.5677,6467.072,125.198
"554","Indonesia",2010,153076953,73730036,195674233,0.8091,0.3049,0.633,1898.22,3243.171,1821.399,0,188.206,0.039,0.006,805.290547777778,440.475870277778,459.053833611111,422481222,1.747,6962.79,188.251
"555","Indonesia",2011,181280983,81553312,211328528,0.8622,0.3327,0.7396,2223.823,3605.65,1743.433,0,131.298,0.05,0.008,878.162374444444,427.343007222222,545.094225,474162823,1.9345,7572.906,131.356
"556","Indonesia",2012,187171325,80062064,218777440,0.8806,0.3222,0.7534,2481.225,3659.182,1729.559,0,132.691,0.048,0.031,923.726831111111,429.712086388889,616.464863055555,486010829,1.9562,7869.966,132.77
"557","Indonesia",2013,164219227,64753293,229408315,0.9111,0.2572,0.6522,2632.668,3644.117,1767.46,0,172.063,0.001,0.056,914.234035833333,445.054839166667,662.918391388889,458380835,1.8205,8044.245,172.12
"558","Indonesia",2014,173584305,62415688,220592833,0.8646,0.2446,0.6804,2056.335,3619.798,1726.265,0,151.234,0,0.068,901.679144444444,440.418119444444,524.62823,456592826,1.7896,7402.398,151.302
"559","Indonesia",2015,197815239,94252054,219406061,0.8491,0.3648,0.7656,2302.054,3295.416,1770.844,0,134.53,0.036,0.052,847.610186944444,457.555526111111,594.811119166667,511473354,1.9795,7368.314,134.618
"560","Indonesia",2016,206327890,91185376,219142417,0.8378,0.3486,0.7888,2371.99,3283.69,1706.358,0,179.574,0.055,0.203,823.012267222222,446.307691111111,620.407830277778,516655683,1.9752,7362.038,179.832
"561","Indonesia",2017,221093265,84338537,226619971,0.8563,0.3187,0.8354,2512.012,3414.521,1632.919,0,176.009,0,0.274,875.053932222222,432.153393333333,664.805872777778,532051773,2.0104,7559.452,176.283
"562","Indonesia",2018,262222125,84147424,222595328,0.8316,0.3144,0.9796,2945.694,3507.171,1663.558,0,156.246,1.745,0.186,894.721210833333,445.285870833333,788.4763425,568964877,2.1256,8116.423,158.177
"563","Indonesia",2019,315400701,82997885,218689956,0.8081,0.3067,1.1655,3496.236,3474.374,1619.113,0,155.482,1.72,0.582,879.023579166667,439.202812777778,948.379130555556,617088542,2.2803,8589.723,157.784
"564","Iran",2001,4140320,127653760,227461120,3.4231,1.9211,0.0623,223.66,12297.394,10012.605,0,171.194,1.4,0,799.744015277778,665.327051388889,14.8620002777778,359255200,5.4065,22533.659,172.594
"565","Iran",2002,4664272,143815664,217923728,3.2388,2.1374,0.0693,209.282,12217.769,11625.234,0,326.498,1.235,0,806.608709444444,782.203259166667,14.0815575,366403664,5.4455,24052.285,327.733
"566","Iran",2003,5188224,158468000,210789920,3.0943,2.3262,0.0762,223.965,12212.607,11784.097,0,383.441,1.104,0,810.283490277778,802.767385555556,15.2571644444444,374446144,5.4967,24220.669,384.545
"567","Iran",2004,4994073,178899941,221593221,3.2138,2.5946,0.0724,231.632,12428.356,13524.981,0,468.488,1.818,0,848.906341111111,932.560197777778,15.9712230555556,405487235,5.8808,26184.969,470.306
"568","Iran",2005,6085952,200162232,222824251,3.194,2.8692,0.0872,259.493,13524.392,13911.152,0,557.084,2.734,0,910.154455,970.4690275,18.1027694444444,429072435,6.1504,27695.037,559.818
"569","Iran",2006,5983269,221538490,233358468,3.3075,3.14,0.0848,247.662,14580.338,14993.138,0,701.209,4.747,0.004,991.934381666667,1057.84,17.4737725,460880227,6.5323,29821.138,705.96
"570","Iran",2007,6576927,236520213,225180052,3.1566,3.3156,0.0922,255.347,14768.483,16618.863,0,668.718,5.247,0.004,999.073840833333,1185.5222325,18.2153944444444,468277192,6.5644,31642.693,673.969
"571","Iran",2008,5858696,246874968,233944801,3.2438,3.4231,0.0812,189.126,15289.18,17441.08,0,272.244,7.167,0.007,1029.70590583333,1257.86715444444,13.6399313888889,486678465,6.7481,32919.386,279.418
"572","Iran",2009,4393165,261065372,232918340,3.194,3.5799,0.0602,216.511,14976.968,18483.993,0,241.858,8.137,0.011,999.965586388889,1347.94411944444,15.7890391666667,498376877,6.8341,33677.472,250.006
"573","Iran",2010,5448333,277220124,227532939,3.0847,3.7583,0.0739,202.719,13500.991,19574.789,0,362.386,7.384,0.025,935.5077475,1443.89398555556,14.9531677777778,510201396,6.9169,33278.499,369.795
"574","Iran",2011,5312800,293262896,223694528,2.9972,3.9293,0.0712,222.407,13621.446,20525.589,3.858,370.968,7.413,0.024,953.734189166667,1531.92610805556,16.5993361111111,522270224,6.9977,34369.442,382.263
"575","Iran",2012,4129328,292273616,245121600,3.2449,3.8691,0.0547,172.99,13752.862,20194.024,50.389,426.293,6.966,0.024,982.947557222222,1525.45533861111,13.0676658333333,541524544,7.1687,34119.876,483.672
"576","Iran",2013,4118336,294933680,246587200,3.2241,3.8563,0.0538,218.168,14806.56,20113.833,144.687,489.54,7.073,0.023,1047.60547972222,1538.34493,16.6859447222222,545639216,7.1342,35138.561,641.323
"577","Iran",2014,3590720,335006848,241032576,3.1115,4.3246,0.0464,245.412,13613.434,22384.153,136.007,476.485,6.495,0.023,971.903850833333,1734.00943888889,19.0110377777778,579630144,7.4825,36242.999,619.01
"578","Iran",2015,4301511,356768930,218897077,2.7888,4.5453,0.0548,231.253,11938.087,23444.381,114.318,427.106,7.806,0.048,857.5765125,1840.19485138889,18.1515108333333,579967518,7.3889,35613.721,549.278
"579","Iran",2016,3451488,380704256,189703600,2.3843,4.7849,0.0434,221.092,12083.883,24674.376,204.624,487.446,8.354,0.158,853.472994166667,1963.190475,17.5909563888889,573859344,7.2126,36979.351,700.582
"580","Iran",2017,4708216,399502188,212924938,2.6393,4.9521,0.0584,237.288,12004.613,25920.843,215.609,534.001,9.491,2.659,868.327619722222,2049.57743888889,19.1544961111111,617135342,7.6498,38162.744,761.76
"581","Iran",2018,4920777,409098695,213821147,2.6139,5.0012,0.0602,188.239,12017.682,27400.582,209.203,346.114,10.132,4.047,908.348461111111,2196.11611638889,19.8858858333333,627840619,7.6753,39606.503,569.496
"582","Iran",2019,5113991,416238395,230895552,2.7848,5.0201,0.0617,173.302,13138.285,26969.934,191.453,864.98,10.672,5.099,980.888469444444,2234.45481055556,20.6668097222222,652247938,7.8666,40281.521,1072.204
"621","Italy",2001,59024471,135107278,251792729,4.4271,2.3755,1.0378,2719.941,19458.006,11967.407,0,2271.408,57.209,0.922,1102.60335916667,680.64575,154.696514722222,445924478,7.8404,34145.354,2329.539
"622","Italy",2002,60015667,135864587,257677047,4.5062,2.376,1.0495,2792.41,19359.779,11822.206,0,1894.945,67.322,1.007,1106.42770416667,676.02864,159.678271666667,453557301,7.9317,33974.395,1963.274
"623","Italy",2003,65125831,149024212,255950463,4.4463,2.5888,1.1314,2993.124,19072.213,12947.666,0,1735.47,69.002,1.136,1095.87716888889,745.33181,172.299043055556,470100506,8.1665,35013.003,1805.608
"624","Italy",2004,72217312,154661741,248802139,4.2935,2.669,1.2462,3330.794,18414.563,13346.774,0,1977.796,86.282,1.355,1072.42009083333,773.41826,193.012724444444,475681192,8.2087,35092.131,2065.433
"625","Italy",2005,71264929,165659608,239416362,4.108,2.8424,1.2228,3286.383,17723.777,14201.818,0,1664.62,108.138,1.431,1039.46664777778,827.69547,191.533528055556,476340899,8.1732,35211.978,1774.189
"626","Italy",2006,70786907,162584730,237474352,4.0564,2.7772,1.2092,3312.29,17630.065,13846.034,0,1689.073,135.65,1.598,1038.17727972222,810.58774,193.911235,470845989,8.0428,34788.389,1826.321
"627","Italy",2007,70675246,163512323,230017538,3.9153,2.7833,1.203,3231.574,17027.138,13865.356,0,1483.709,182.395,1.763,1005.71192444444,814.561259444444,189.848329444444,464205107,7.9016,34124.068,1667.867
"628","Italy",2008,68138769,167141924,219441404,3.7243,2.8367,1.1564,3117.699,16124.704,13721.798,0,1864.744,217.777,8.647,946.611637777778,808.515157777778,183.700909166667,454722097,7.7174,32964.201,2091.168
"629","Italy",2009,52387805,154034299,198742000,3.3625,2.6061,0.8863,2433.316,14930.351,12573.617,0,2181.023,290.415,30.049,875.991568055556,743.175584722222,143.823441666667,405164104,6.8549,29937.284,2501.487
"630","Italy",2010,58218054,164346876,193786411,3.2665,2.7703,0.9813,2680.618,14435.104,13341.755,0,2246.618,401.088,83.756,853.391195277778,791.499007222222,159.027515277778,416351341,7.0181,30457.477,2731.462
"631","Italy",2011,65439039,153000385,186434054,3.1287,2.5676,1.0982,2991.662,13850.102,12454.67,0,1992.796,428.645,469.494,828.88064,742.160710277778,178.269978055556,404873478,6.7945,29296.434,2890.935
"632","Italy",2012,66958995,147713829,172402170,2.8792,2.4669,1.1182,3051.712,12879.625,11916.806,0,1801.298,576.721,811.356,772.213703333333,713.56583,182.733304722222,387074994,6.4643,27848.143,3189.375
"633","Italy",2013,57781948,137700968,159320478,2.648,2.2887,0.9604,2616.106,11722.538,11092.539,0,2245.654,633.901,918.644,706.48038,667.404288333333,157.403118055556,354803394,5.8971,25431.183,3798.199
"634","Italy",2014,55837154,121589383,158004379,2.6155,2.0127,0.9243,2540.102,11056.866,9761.9,0,2466.345,639.421,939.709,671.279006111111,589.715934166667,153.447417777778,335430916,5.5525,23358.868,4045.475
"635","Italy",2015,53062916,132756286,161657191,2.6686,2.1915,0.8759,2367.123,11475.34,10616.968,0,1841.857,619.888,958.076,710.444133611111,643.154178055556,143.395457777778,347476393,5.736,24459.431,3419.821
"636","Italy",2016,48558932,140758073,155909729,2.5701,2.3203,0.8005,2105.607,11549.053,11134.611,0,1683.362,733.288,916.337,704.789910277778,675.458365277778,127.732325,345226734,5.6909,24789.271,3332.987
"637","Italy",2017,42039754,148751452,148862416,2.4535,2.4517,0.6929,1844.349,11625.689,11797.286,0,1416.289,731.034,1004.455,713.694900555556,715.787970833333,111.903918055556,339653622,5.5981,25267.324,3151.778
"638","Italy",2018,39424353,143664632,152699203,2.5187,2.3696,0.6503,1692.434,11922.561,11416.388,0,1929.62,726.277,928.684,730.328144722222,692.140831111111,102.567168055556,335788188,5.5386,25031.383,3584.581
"639","Italy",2019,30657962,146422385,148968763,2.4603,2.4182,0.5063,1366.866,11417.887,11691.275,0,1846.017,820.485,994.822,709.052022222222,707.906147222222,77.5344188888889,326049110,5.3848,24476.028,3661.324
"640","Japan",2001,381113117,169623171,654633452,5.1258,1.3282,2.9841,8903.923,23480.725,6086.134,6926.432,1761.914,5.445,10.799,3073.67826111111,777.283879722222,1137.15465111111,1205369740,9.4381,38470.782,8704.59
"641","Japan",2002,398258418,173418885,665588384,5.2043,1.356,3.114,9444.685,23071.008,5946.072,6737.483,1728.008,8.854,14.892,3052.65695555556,760.460378888889,1207.90808194444,1237265687,9.6743,38461.765,8489.237
"642","Japan",2003,411671854,178651846,655729591,5.1206,1.3951,3.2147,9692.955,23573.054,6520.35,4894.772,1967.289,17.7,20.295,3124.67771666667,834.982264444444,1241.25943305556,1246053291,9.7304,39786.359,6900.056
"643","Japan",2004,419645802,177564951,644610569,5.028,1.385,3.2733,9938.095,22939.918,6287.177,6036.009,1935.535,30.405,26.85,3042.72676388889,806.040536111111,1274.10255305556,1241821322,9.6863,39165.19,8028.799
"644","Japan",2005,430174454,176001001,641719658,5.0007,1.3715,3.3522,10405.022,23224.682,6446.709,6142.452,1625.787,40.036,34.169,2995.73559444444,827.279698333333,1334.81418083333,1247895113,9.7244,40076.413,7842.444
"645","Japan",2006,427282539,192654372,604922369,4.7104,1.5002,3.3272,10221.341,22360.615,6895.214,6333.413,1848.403,44.437,41.536,2888.41966111111,885.503353055556,1312.14184888889,1224859280,9.5378,39477.17,8267.789
"646","Japan",2007,444764290,209122344,607541494,4.7282,1.6275,3.4614,10723.777,21661.328,7423.704,5767.719,1540.279,56.642,47.804,2798.97516388889,953.900640833333,1377.40362777778,1261428128,9.8171,39808.809,7412.444
"647","Japan",2008,426081426,204484663,562910364,4.3793,1.5908,3.3148,11010.235,21022.967,7709.689,5169.968,1543.62,60.48,53.271,2695.13208638889,990.994946666667,1414.78088416667,1193476453,9.2849,39742.891,6827.339
"648","Japan",2009,411059961,202176743,515912154,4.0132,1.5727,3.1975,9236.754,18833.921,7193.66,5604.872,1438.024,69.942,62.151,2415.41071805556,924.780253888889,1186.94744722222,1129148858,8.7834,35264.335,7174.989
"649","Japan",2010,445733855,213341562,521744242,4.0589,1.6597,3.4676,10526.374,19014.471,7774.642,5930.167,1795.202,79.63,80.759,2439.48187305556,999.367180555556,1352.73458083333,1180819659,9.1862,37315.487,7885.758
"650","Japan",2011,430265145,247922677,552340564,4.2984,1.9294,3.3484,9985.524,19068.963,8717.993,3285.788,1663.527,89.926,109.692,2439.80087805556,1120.25245055556,1282.64969777778,1230528386,9.5762,37772.48,5148.933
"651","Japan",2012,449801067,257022425,564168727,4.393,2.0014,3.5025,10548.636,20334.684,9594.404,360.848,1546.37,94.816,147.856,2602.7437625,1232.15080833333,1354.19915638889,1270992219,9.8969,40477.724,2149.89
"652","Japan",2013,480985001,256490809,541440844,4.2196,1.9989,3.7485,10980.829,19419.542,9627.709,291.371,1582.899,102.422,257.568,2486.34001055556,1235.3688475,1409.43809694444,1278916654,9.967,40028.08,2234.26
"653","Japan",2014,472225512,258548469,496795383,3.8761,2.0173,3.6844,10808.02,18470.256,9733.416,0,1622.398,99.557,467.57,2361.12267694444,1247.52118666667,1385.73558166667,1227569364,9.5778,39011.692,2189.525
"654","Japan",2015,465628827,246428641,476371529,3.7221,1.9254,3.6381,10919.632,17802.756,9275.911,89.43,1695.242,103.235,682.724,2266.8971675,1187.17646083333,1397.98094333333,1188428997,9.2856,37998.299,2570.631
"655","Japan",2016,456358246,251595944,460901236,3.6075,1.9692,3.5719,10917.8,17327.178,9111.992,347.961,1458.039,120.046,852.792,2204.82967638889,1164.17445472222,1395.38555861111,1168855426,9.1486,37356.97,2778.838
"656","Japan",2017,458309038,245716728,448760195,3.5196,1.9271,3.5945,11101.316,17105.658,9175.202,570.065,1553.769,123.009,1063.538,2172.61059194444,1169.86484027778,1415.96344694444,1152785961,9.0412,37382.176,3310.381
"657","Japan",2018,441800091,233969094,432717873,3.4018,1.8393,3.4732,10900.398,16669.437,9096.417,959.475,1582.589,143.694,1290.65,2105.89576944444,1157.08155666667,1386.59733805556,1108487058,8.7143,36666.252,3976.408
"658","Japan",2019,432133391,224221791,415702661,3.2769,1.7675,3.4064,10740.67,16493.426,8522.88,1281.169,1443.003,168.259,1469.305,2033.79700527778,1081.21163472222,1362.59383444444,1072057843,8.4508,35756.976,4361.736
"754","Mexico",2001,30638368,82887008,275576768,2.7476,0.8264,0.3055,834.25,10397.12,3608.303,240.1,782.41,0.495,0.22,1042.80952888889,361.905242222222,83.6735830555556,389102144,3.8795,14839.673,1023.225
"755","Mexico",2002,34701435,92170763,265359172,2.6096,0.9064,0.3413,1377.842,9807.021,4038.831,262.818,670.393,0.566,0.216,997.226175,410.688244166667,140.105800555556,392231370,3.8573,15223.694,933.993
"756","Mexico",2003,42458432,101903168,273195168,2.6503,0.9886,0.4119,1002.304,9928.148,4317.909,277.548,524.68,0.502,0.211,1023.40260527778,445.094046944444,103.318372777778,417556768,4.0508,15248.361,802.941
"757","Mexico",2004,37881779,105646892,276735940,2.6478,1.0108,0.3625,1011.527,10189.821,4594.743,238.129,652.085,0.518,0.233,1064.98827583333,480.219204166667,105.719701666667,420264611,4.0211,15796.091,890.965
"758","Mexico",2005,46807600,105515872,291123120,2.7463,0.9954,0.4416,1258.711,10289.946,4972.631,274.174,703.127,0.482,0.228,1090.78480416667,527.123355833333,133.429523888889,443446592,4.1833,16521.288,978.011
"759","Mexico",2006,50288400,117936832,284689136,2.6468,1.0965,0.4675,1331.335,10037.594,5419.146,270.035,756.621,1.118,0.249,1079.64275555556,582.882835833333,143.198285833333,452914368,4.2108,16788.075,1028.023
"760","Mexico",2007,45840304,117273648,286649376,2.6257,1.0742,0.4199,1205.3,10273.219,5224.961,253.548,665.205,6.034,0.219,1121.53670694444,570.413798611111,131.583750277778,449763328,4.1198,16703.48,925.006
"761","Mexico",2008,40783984,118567040,288397104,2.6025,1.07,0.368,1060.735,10096.053,5414.125,233.543,934.363,6.074,0.453,1118.79316805556,599.965783888889,117.545299722222,447748128,4.0405,16570.913,1174.433
"762","Mexico",2009,40813296,123432832,272740832,2.4251,1.0975,0.3629,1064.754,9611.036,5794.641,244.96,623.347,13.911,0.63,1080.89474,651.688011111111,119.746448888889,436986960,3.8855,16470.431,882.848
"763","Mexico",2010,51054176,124121664,259678672,2.276,1.0879,0.4475,1298.229,9514.934,5788.663,134.358,849.17,28.317,0.708,1085.58654111111,660.445400277778,148.118754722222,434854512,3.8114,16601.826,1012.553
"764","Mexico",2011,56041308,130706870,272512081,2.3554,1.1297,0.4844,1480.852,9539.596,6120.277,225.989,812.425,36.921,0.918,1103.68272,708.084908333333,171.327039444444,459260259,3.9695,17140.725,1076.253
"765","Mexico",2012,49222543,135726564,290157986,2.4742,1.1573,0.4197,1272.798,9563.076,6280.491,192.612,700.874,81.009,1.515,1121.49932194444,736.537703333333,149.266010277778,475107093,4.0512,17116.365,976.01
"766","Mexico",2013,49976960,142276784,277694560,2.337,1.1973,0.4206,1247.416,9176.496,6546.924,254.24,603.747,90.16,2.284,1090.41462388889,777.950663611111,148.22661,469948304,3.9549,16970.836,950.431
"767","Mexico",2014,48943712,138502864,269274688,2.2373,1.1508,0.4067,1229.188,8649.888,6551.328,204.625,822.389,135.882,4.673,1041.05642472222,788.484474444444,147.938850277778,456721264,3.7948,16430.404,1167.569
"768","Mexico",2015,44114222,147976833,258874271,2.1244,1.2143,0.362,1211.661,8445.033,6629.272,240.341,641.306,181.548,5.107,1029.09400805556,807.829162222222,147.650453055556,450965326,3.7007,16285.966,1068.302
"769","Mexico",2016,47621008,151455104,251592224,2.0399,1.228,0.3861,1172.707,8404.597,6732.189,215.468,625.928,211.612,5.144,1036.56331611111,830.300367222222,144.633310277778,450668336,3.654,16309.493,1058.152
"770","Mexico",2017,48529680,143251408,245839744,1.9702,1.1481,0.3889,1416.551,7998.948,6894.989,218.046,638.092,212.775,23.773,998.083919166667,860.335313333333,176.752789722222,437620832,3.5072,16310.488,1092.686
"771","Mexico",2018,45994564,149180968,239268465,1.8961,1.1822,0.3645,1248.469,7669.658,6939.833,268.838,639.816,257.785,62.631,973.736701666667,875.858158611111,157.545464722222,434443997,3.4428,15857.96,1229.07
"772","Mexico",2019,43912459,149839733,220896293,1.7315,1.1745,0.3442,1105.042,7166.828,7106.94,218.383,461.766,341.582,241.444,898.975838055556,879.732964722222,150.414834722222,414648485,3.2502,15378.81,1263.175
"982","Russia",2001,443552879,693013366,323090661,2.2155,4.7522,3.0416,8228.079,10350.494,25520.574,2591.392,3290.908,0.059,0,1509.42182361111,3721.68805277778,1199.90802472222,1459656906,10.0093,44099.147,5882.359
"983","Russia",2002,422074398,702371736,314440788,2.1653,4.8367,2.9065,8297.573,10027.925,25938.962,2674.209,3062.135,0.117,0,1456.21392083333,3766.74926388889,1204.93946166667,1438886922,9.9085,44264.46,5736.461
"984","Russia",2003,423654928,734919231,308253748,2.1316,5.082,2.9296,8383.971,10436.18,26664.327,2832.329,2932.704,0.162,0,1509.18537305556,3855.95206388889,1212.41350222222,1466827907,10.1432,45484.478,5765.195
"985","Russia",2004,413793492,742806465,308719743,2.1427,5.1555,2.872,8063.193,10326.217,27458.122,2718.77,3300.638,0.132,0,1487.81045138889,3956.19026666667,1161.75192888889,1465319700,10.1702,45847.532,6019.54
"986","Russia",2005,414913294,745182869,319019961,2.2205,5.1867,2.8879,7655.657,10402.943,27869.129,2797.978,3231.681,0.127,0,1494.61039472222,4004.010325,1099.90263527778,1479116124,10.2951,45927.729,6029.786
"987","Russia",2006,434371679,765525718,334100059,2.3298,5.3383,3.029,7868.479,10883.531,29409.179,2915.886,3229.943,0.097,0,1560.72986222222,4217.36135555555,1128.36267583333,1533997456,10.6971,48161.189,6145.926
"988","Russia",2007,419410616,777797181,324906344,2.2679,5.429,2.9275,7623.891,10880.22,29931.563,2967.578,3282.538,0.122,0,1558.76428,4288.17182777778,1092.24353361111,1522114141,10.6244,48435.674,6250.238
"989","Russia",2008,448428418,778187257,342160792,2.3886,5.4324,3.1304,8177.055,11207.953,29511.415,3005.266,3036.521,0.096,0,1605.52671333333,4227.47713888889,1171.35399416667,1568776467,10.9514,48896.423,6041.883
"990","Russia",2009,415649613,730871779,321193282,2.241,5.0993,2.9,7477.654,10748.034,27753.99,2994.216,3188.54,0.07,0,1540.48236027778,3977.89321666667,1071.74898138889,1467714674,10.2403,45979.678,6182.826
"991","Russia",2010,415282389,792563304,331844462,2.3128,5.5239,2.8944,7339.182,11180.054,29545.825,3096.851,3025.415,0.076,0,1604.10176972222,4239.20225,1053.01767194444,1539690155,10.7311,48065.061,6122.342
"992","Russia",2011,426382471,815661184,344117271,2.3946,5.676,2.9671,7608.878,11900.632,30315.057,3118.734,2940.453,0.097,0.022,1710.15531888889,4356.36139444444,1093.41771,1586160926,11.0377,49824.567,6059.306
"993","Russia",2012,441256620,804975624,351771385,2.443,5.5903,3.0644,7949.572,12080.564,29766.952,3175.72,2923.865,0.094,0.075,1739.52735805556,4286.25902777778,1144.68972805556,1598003629,11.0977,49797.088,6099.754
"994","Russia",2013,403814330,780453844,354646137,2.4573,5.4076,2.7979,7294.049,12045.131,29438.267,3060.195,3213.517,0.079,0.192,1748.88563527778,4248.6743,1052.71271,1538914311,10.6628,48777.447,6273.983
"995","Russia",2014,392612970,772753422,384603806,2.6586,5.3417,2.7139,7038.526,12654.567,29184.572,3179.841,3050.315,1.691,2.815,1833.61291527778,4221.98243055555,1018.22743388889,1549970198,10.7142,48877.665,6234.662
"996","Russia",2015,412579963,737455339,407459359,2.8104,5.0864,2.8457,7389.43,11978.775,28187.411,3410.653,2931.226,2.583,5.856,1761.904895,4086.74822222222,1071.3556,1557494661,10.7425,47555.616,6350.318
"997","Russia",2016,400712725,751164410,402643226,2.7716,5.1706,2.7583,7144.92,12272.976,28955.202,3403.509,3195.737,2.564,8.107,1800.22282,4206.4639,1037.9775,1554520361,10.7005,48373.098,6609.917
"998","Russia",2017,383255801,779289873,415110297,2.8524,5.3548,2.6335,6707.254,12087.901,29622.822,3489.678,3180.842,2.388,9.345,1793.86317444444,4311.00590833333,976.1059,1577655971,10.8407,48417.977,6682.253
"999","Russia",2018,394979110,828222514,393248003,2.6984,5.6831,2.7103,6915.727,12386.237,31186.935,3488.974,3251.178,4.045,10.65,1822.91868527778,4544.99313333333,1007.8558,1616449627,11.0918,50488.899,6754.847
"1000","Russia",2019,388867678,807420644,399335531,2.7376,5.5351,2.6658,6910.219,12509.062,30459.106,3547.591,3299.59,5.344,16.722,1865.61530833333,4443.12721111111,990.7597,1595623853,10.9385,49878.387,6869.247
"1056","South Africa",2001,337692560,4154976,25886160,0.568,0.0912,7.4102,19114.558,5924.439,303.462,649.134,104.222,0,0.654,269.982377222222,13.8290625,871.068840833333,367733696,8.0694,25342.459,754.01
"1057","South Africa",2002,325528080,4122000,22449328,0.4864,0.0893,7.0536,17954.081,6000.788,301.61,712.413,123.815,0,0.737,276.942127777778,13.9195886111111,828.598111666667,352099408,7.6293,24256.479,836.965
"1058","South Africa",2003,357444766,2469558,39743769,0.8507,0.0529,7.6509,19712.899,6141.471,225.288,738.427,48.25,0.35,0.811,286.9231675,10.5252377777778,920.966207222222,399658093,8.5545,26079.658,787.838
"1059","South Africa",2004,384086128,6364368,54238192,1.1469,0.1346,8.1217,21337.809,6294.777,514.735,765.024,54.375,0.687,0.887,297.692374722222,24.3428186111111,1009.10684638889,444688688,9.4032,28147.321,820.973
"1060","South Africa",2005,376717824,6313072,27831744,0.5813,0.1319,7.8679,19428.683,6240.422,721.685,634.403,74.826,0.674,0.955,298.218829444444,34.5549511111111,930.264037222222,410862640,8.5811,26390.79,710.858
"1061","South Africa",2006,382016498,6126158,53079933,1.0947,0.1263,7.8783,19541.106,6272.808,772.273,552.684,159.731,0.662,1.025,304.012101666667,37.4467136111111,947.527914722222,441222589,9.0993,26586.187,714.102
"1062","South Africa",2007,392172001,7892318,59327955,1.2078,0.1607,7.984,19808.189,6322.008,771.758,611.987,154.964,0.649,1.087,310.247543333333,37.9087036111111,972.977462222222,459392274,9.3525,26901.955,768.687
"1063","South Africa",2008,418299990,8119484,63233780,1.2703,0.1631,8.4031,21806.453,5921.955,787.867,689.595,66.797,1.114,1.151,294.224765833333,39.2192036111111,1085.50253888889,489653254,9.8365,28516.275,758.657
"1064","South Africa",2009,412673306,7038493,77115645,1.5277,0.1394,8.1755,21617.181,5771.117,658.517,665.571,75.446,1.559,1.211,288.558225277778,33.2399536111111,1091.1695475,496827444,9.8426,28046.815,743.787
"1065","South Africa",2010,406920176,8866880,46323952,0.9045,0.1731,7.945,21077.71,6029.464,804.822,688.635,58.183,1.731,1.405,301.24676,41.2205608333333,1079.53619833333,462111008,9.0226,27911.996,749.954
"1066","South Africa",2011,400482528,8800928,60232496,1.1582,0.1692,7.701,20241.846,5967.345,823.197,642.933,152.677,1.844,4.002,304.780503888889,42.8094930555555,1052.65613361111,469515952,9.0284,27032.388,801.456
"1067","South Africa",2012,398013496,9255191,49456279,0.9361,0.1752,7.5335,19445.89,6023.803,824.737,632.199,49.655,1.804,4.193,312.593329722222,43.5732888888889,1027.38390416667,456724966,8.6448,26294.43,687.851
"1068","South Africa",2013,392322800,9383504,49500640,0.922,0.1748,7.3076,19140.816,6011.2,755.187,672.691,52.644,1.764,11.588,318.117425,40.5436861111111,1027.61214777778,451206944,8.4044,25907.203,738.687
"1069","South Africa",2014,413225920,9042752,53681264,0.9842,0.1658,7.576,19080.384,5861.904,788.029,643.6,83.754,49.737,52.397,313.677136111111,42.9822455555556,1040.71965527778,475949936,8.726,25730.317,829.488
"1070","South Africa",2015,386456736,9966080,48943712,0.8837,0.1799,6.9775,17630.603,6009.058,779.733,558.927,36.586,140.268,125.561,346.103928888889,43.1862683333333,976.487801944444,445366528,8.0411,24419.394,861.342
"1071","South Africa",2016,392810112,7815312,58935440,1.0485,0.139,6.9886,18681.591,5584.721,809.305,711.981,31.319,188.314,146.482,332.00023,36.5465625,1050.05404638889,459560864,8.1761,25075.617,1078.096
"1072","South Africa",2017,394638448,7338992,56612464,0.993,0.1287,6.9223,18118.674,5487.286,777.792,690.947,38.199,257.278,187.521,331.222050277778,40.1092566666667,1032.94480416667,458589904,8.044,24383.752,1173.945
"1073","South Africa",2018,399305873,9119768,49757513,0.861,0.1578,6.9093,18074.562,5551.504,773.954,476.943,32.687,296.38,212.239,330.344493333333,44.1078663888889,980.260318611111,458183154,7.9281,24400.02,1018.249
"1074","South Africa",2019,412006079,8774016,49133054,0.839,0.1498,7.0358,18091.308,5613.994,731.42,601.07,32.141,293.391,222.464,326.201233333333,42.4359683333333,1011.44617805556,469913149,8.0246,24436.722,1149.066
"1075","South Korea",2001,174625609,44163024,206697440,4.3327,0.9257,3.6604,11146.876,26267.684,4560.804,6486.779,134.785,0.728,0.358,1195.65669083333,217.577528888889,531.772446111111,425486073,8.9188,41975.364,6622.65
"1076","South Korea",2002,187636519,49068185,207840776,4.3301,1.0223,3.9091,11903.969,26598.755,5037.03,6803.599,184.668,0.85,0.402,1219.17479138889,241.777233055556,571.390041111111,444545480,9.2615,43539.754,6989.519
"1077","South Korea",2003,195319077,51399242,206115903,4.2709,1.065,4.0471,12320.036,26710.058,5247.276,7320.045,275.794,1.404,0.438,1230.28980888889,253.238598055556,594.576771944444,452834222,9.383,44277.37,7597.681
"1078","South Korea",2004,203137986,60234609,197114955,4.0648,1.2421,4.189,12758.499,26148.979,6119.443,7296.849,240.656,2.648,0.551,1219.85779916667,296.749916944444,618.697391944444,460487550,9.4959,45026.921,7540.704
"1079","South Korea",2005,209293477,65269580,195945485,4.0234,1.3402,4.2975,13085.402,26084.477,6524.015,8106.965,202.885,7.174,0.795,1224.92668277778,317.725785,637.271665,470508542,9.6611,45693.894,8317.819
"1080","South Korea",2006,216428256,67995590,191081226,3.9092,1.3911,4.4277,13479.295,26004.127,6853.235,8134.197,189.619,13.065,1.696,1225.28317611111,334.985868055556,658.867411944444,475505072,9.728,46336.657,8338.577
"1081","South Korea",2007,228427157,73369567,188370738,3.8416,1.4963,4.6585,14148.362,26695.161,7399.162,7742.982,196.728,22.942,4.353,1258.81570777778,362.817621111111,693.76439,490167462,9.9964,48242.685,7967.005
"1082","South Korea",2008,253041243,75923500,172448086,3.5063,1.5437,5.1449,15630.541,25527.486,7591.571,8102.39,164.783,26.054,16.989,1199.39191305556,373.368356944444,768.740673888889,501412829,10.1949,48749.598,8310.216
"1083","South Korea",2009,262394545,72171459,174098735,3.528,1.4625,5.3173,16166.342,25632.362,7192.237,7856.012,149.558,38.112,31.486,1215.17959944444,354.915036111111,797.75985,508664739,10.3078,48990.941,8075.168
"1084","South Korea",2010,295050323,91540405,177391053,3.5804,1.8476,5.9551,18107.614,25857.41,9085.801,7819.867,193.764,45.158,42.718,1243.99275472222,450.164736111111,897.159133888889,563981781,11.3831,53050.825,8101.507
"1085","South Korea",2011,320169094,98513225,172560665,3.466,1.9787,6.4309,19549.376,25955.127,9730.748,8053.662,239.318,49.128,52.22,1252.06200111111,484.454628055556,973.284461944444,591242984,11.8756,55235.251,8394.328
"1086","South Korea",2012,316989866,106565205,171793132,3.4317,2.1287,6.3321,18733.187,26571.974,10492.935,7734.703,206.414,50.349,60.855,1290.29105972222,525.286395,937.801331944444,595348203,11.8925,55798.096,8052.321
"1087","South Korea",2013,320643622,111530033,169775540,3.3722,2.2153,6.3688,18836.799,26316.771,10919.61,7057.576,218.122,63.032,88.12,1289.61235388889,549.758241111111,948.35672,601949195,11.9563,56073.18,7426.85
"1088","South Korea",2014,331303871,101445313,162761193,3.2161,2.0045,6.5465,19395.306,26120.115,9880.659,7865.176,138.36,61.49,137.214,1283.68143111111,500.039991111111,981.556881111111,595510377,11.7671,55396.08,8202.24
"1089","South Korea",2015,335411292,92590031,171631321,3.377,1.8218,6.5996,19542.663,27396.957,8982.107,8201.208,106.805,71.114,210.792,1343.19286916667,456.497271111111,993.215956111111,599632644,11.7984,55921.727,8589.919
"1090","South Korea",2016,320697359,96654932,185413320,3.6367,1.8958,6.2902,18591.248,29401.911,9345.023,7990.594,140.396,87.654,266.765,1448.92080666667,476.436906111111,947.836858888889,602765611,11.8227,57338.182,8485.409
"1091","South Korea",2017,337668762,100859186,180697686,3.5364,1.9739,6.6085,19614.761,29483.303,9737.833,7262.156,137.429,112.765,366.848,1463.99995888889,497.563927777778,1002.23502111111,619225634,12.1188,58835.897,7879.198
"1092","South Korea",2018,340347600,117172116,179105873,3.5001,2.2898,6.6511,19693.379,29170.466,11296.032,6484.241,163.164,125.606,469.23,1451.17275694444,578.040075,1007.74880388889,636625589,12.441,60159.877,7242.241
"1093","South Korea",2019,321606070,113586430,177453103,3.4642,2.2174,6.2783,18634.124,28762.677,10925.738,7057.161,134.173,133.316,586.505,1434.52581,560.338284722222,955.366121111111,612645603,11.9599,58322.539,7911.155
"1246","United Kingdom",2001,153356573,208116262,199793649,3.3792,3.52,2.5938,7654.18,16110.13,17057.924,4205.274,189.26,45.043,0.093,952.494562777778,1008.5319,452.545396944444,561266484,9.493,40822.234,4439.67
"1247","United Kingdom",2002,141540004,206736598,196903783,3.319,3.4847,2.3858,7000.452,15947.283,16777.506,4060.189,221.269,58.189,0.139,946.087497777778,995.3415,415.308463055556,545180385,9.1895,39725.241,4339.786
"1248","United Kingdom",2003,152886163,207548236,195636471,3.2846,3.4846,2.5669,7440.25,16004.264,16757.486,4056.571,147.637,58.914,0.137,953.2292525,998.091811944444,443.148356944444,556070870,9.3361,40202,4263.259
"1249","United Kingdom",2004,147311129,210678083,199206268,3.3272,3.5188,2.4604,7113.254,16347.666,17034.054,3616.96,219.03,87.667,0.181,978.783166944444,1019.87907305556,425.891510833333,557195480,9.3064,40494.974,3923.838
"1250","United Kingdom",2005,147746958,204383750,201613003,3.3442,3.3901,2.4507,7220.389,16813.678,16485.312,3641.563,219.646,129.925,0.357,1012.80752555556,993.865718888889,435.3024825,553743711,9.185,40519.379,3991.491
"1251","United Kingdom",2006,160621809,193453029,198158709,3.258,3.1807,2.6409,7826.955,16521.271,15497.988,3315.902,201.871,186.164,0.483,1003.91624361111,942.602374166667,476.042866111111,552233547,9.0796,39846.214,3704.42
"1252","United Kingdom",2007,150612373,195643728,197196812,3.2088,3.1835,2.4508,7264.625,15834.666,15507.378,2724.256,219.455,227.949,0.605,971.606408055556,953.005143333333,446.447171388889,543452913,8.8431,38606.669,3172.265
"1253","United Kingdom",2008,139043665,201548992,189943182,3.0564,3.2432,2.2374,6665.122,15305.793,15742.635,2229.457,218.384,301.472,0.722,949.144644722222,978.325262777778,414.203668611111,530535839,8.537,37713.55,2750.035
"1254","United Kingdom",2009,113713208,186768131,181601227,2.8904,2.9727,1.8099,5514.78,14408.52,14519.374,2885.212,218.293,387.532,0.835,902.094276944444,912.237023888889,346.487804444444,482082566,7.673,34442.674,3491.872
"1255","United Kingdom",2010,117873813,200985564,180855014,2.8499,3.1671,1.8575,5667.99,14094.176,15520.473,2553.116,147.558,422.604,1.655,888.187823888889,984.928429722222,359.690373333333,499714391,7.8745,35282.639,3124.933
"1256","United Kingdom",2011,117027901,167433330,172926931,2.7011,2.6152,1.8279,5712.91,13740.672,12795.379,2792.172,230.389,646.145,9.863,873.279458611111,819.185075,365.751641666667,457388162,7.1442,32248.961,3678.569
"1257","United Kingdom",2012,147924703,157603571,171058068,2.651,2.4425,2.2925,7021.812,13261.853,11917.675,2810.485,211.932,792.273,54.041,848.081305555556,768.987389444444,453.082066944444,476586342,7.386,32201.34,3868.731
"1258","United Kingdom",2013,142361992,157031600,166442332,2.5613,2.4165,2.1907,6616.977,12957.912,11745.324,2781.773,185.23,1118.792,79.2,833.972806944444,763.257545,429.997269166667,465835924,7.1685,31320.213,4164.995
"1259","United Kingdom",2014,115343739,143882841,167151469,2.5549,2.1993,1.763,5289.31,12855.998,10708.094,2479.754,229.033,1243.194,157.7,833.063105,700.555074722222,346.042276388889,426378049,6.5172,28853.402,4109.681
"1260","United Kingdom",2015,91468542,147230038,171463855,2.6035,2.2355,1.3888,4074.597,13121.84,10939.191,2702.035,241.886,1547.002,289.347,856.346378055556,720.454575555555,268.352713333333,410162435,6.2278,28135.628,4780.27
"1261","United Kingdom",2016,47755789,164809212,174919515,2.6384,2.4859,0.7203,1944.154,13417.575,12168.347,2720.691,213.05,1409.35,394.79,884.251915833333,806.736405555556,128.893429166667,387484516,5.8446,27530.076,4737.881
"1262","United Kingdom",2017,39062347,160881223,175865304,2.6356,2.411,0.5854,1578.748,13407.328,11777.474,2635.233,222.104,1859.558,429.941,885.647746944444,785.491155,105.345005277778,375808874,5.632,26763.55,5146.836
"1263","United Kingdom",2018,32894083,162477395,174563654,2.5999,2.4199,0.4899,1313.267,13126.671,11804.399,2408.456,202.284,2106.403,475.938,873.769997777778,795.400043055556,88.1752872222222,369935132,5.5097,26244.337,5193.081
"1264","United Kingdom",2019,24508210,161027820,171502229,2.5396,2.3845,0.3629,1078.722,12774.314,11675.072,2060.176,218.488,2351.701,464.83,856.321874722222,773.0331725,60.4291311111111,357038259,5.287,25528.108,5095.195
"1265","United States",2001,2115059495,1204740719,2481984809,8.7207,4.233,7.4315,21437.63,37371.45,21104.765,7847.405,2038.622,65.989,5.569,10636.848425,6006.58015,6101.316075,5801785023,20.3852,79913.845,9957.585
"1266","United States",2002,2119321968,1244766103,2476570421,8.6208,4.3329,7.3772,21228.349,37043.716,21585.695,7837.19,2464.083,99.825,5.742,10642.4131583333,6201.11213888889,6098.45422222222,5840658492,20.3309,79857.76,10406.84
"1267","United States",2003,2158576959,1211114607,2537208761,8.7546,4.1789,7.4481,21443.062,37277.358,20778.375,7557.186,2537.812,106.228,5.74,10803.6824583333,6021.90061666667,6214.53734444444,5906900327,20.3816,79498.795,10206.966
"1268","United States",2004,2190331358,1217622248,2596285739,8.8806,4.1649,7.492,21395.177,38302.01,20681.302,7685.512,2431.077,132.284,6.464,11197.8669361111,6046.27741666667,6254.98221944445,6004239345,20.5375,80378.489,10255.337
"1269","United States",2005,2214837522,1199295503,2608476743,8.8425,4.0655,7.5081,21515.564,38013.354,20176.461,7505.759,2429.397,164.044,6.829,11214.0782361111,5951.92983888889,6346.95689166667,6022609768,20.4161,79705.379,10106.029
"1270","United States",2006,2183111816,1182916477,2570893125,8.6341,3.9727,7.3318,20989.08,37178.443,19699.765,7438.734,2563.305,241.099,7.401,11070.9090277778,5865.77766944444,6249.68254444444,5936921418,19.9386,77867.288,10250.539
"1271","United States",2007,2208712130,1257550285,2551510259,8.4878,4.1834,7.3475,21070.147,36596.891,20762.548,7500.825,2147.602,307.484,9.679,11001.7555222222,6241.38309166667,6333.84982777778,6017772674,20.0187,78429.586,9965.59
"1272","United States",2008,2174329138,1266645331,2363675615,7.7884,4.1737,7.1645,20538.21,33832.397,20722.262,7381.565,2183.693,486.418,14.205,10273.6951638889,6288.91177777778,6233.05461388889,5804650084,19.1266,75092.869,10065.881
"1273","United States",2009,1905943279,1245741859,2233033231,7.2902,4.067,6.2223,17898.262,31787.256,20163.646,7202.115,2325.62,639.21,17.78,9737.24462222222,6176.28113611111,5482.37639722222,5384718369,17.5795,69849.164,10184.725
"1274","United States",2010,2013303900,1308832053,2250504028,7.2829,4.2355,6.5153,18771.326,32011.511,20976.404,7167.383,2170.825,806.721,25.423,9891.22789166667,6481.93450833333,5800.54163333333,5572639981,18.0337,71759.241,10170.352
"1275","United States",2011,1903554697,1327527756,2201746520,7.0663,4.2606,6.1093,17565.33,31104.336,21124.683,6918.088,2628.987,1009.613,39.414,9696.93154166667,6582.10810555556,5473.07140555556,5432828973,17.4362,69794.349,10596.102
"1276","United States",2012,1684036507,1388254643,2152124354,6.8529,4.4206,5.3624,15406.786,30181.323,21911.685,6642.088,2247.569,1166.673,74.121,9475.43988888889,6881.22778055556,4838.40475555556,5224415504,16.6359,67499.794,10130.451
"1277","United States",2013,1740832988,1427506453,2184125087,6.903,4.5117,5.502,15873.134,30459.289,22345.802,6720.565,2156.859,1371.838,129.789,9638.89439722222,7070.22837777778,5022.27140277778,5352464528,16.9167,68678.225,10379.051
"1278","United States",2014,1734525541,1455804150,2201175844,6.9073,4.5683,5.443,15724.144,30459.279,22664.645,6701.202,2042.416,1465.347,233.319,9705.04362222222,7222.60455555556,5010.85600833333,5391505535,16.9186,68848.068,10442.284
"1279","United States",2015,1504945744,1495321179,2239489551,6.9792,4.6601,4.6901,13491.361,30870.215,23173.295,6615.637,1943.007,1518.79,310.832,9905.57473055556,7435.79494166667,4329.07777222222,5239756474,16.3294,67534.871,10388.266
"1280","United States",2016,1379743915,1502475490,2246524382,6.9548,4.6514,4.2714,12261.759,30887.665,23190.787,6602.753,2053.494,1785.069,431.466,9979.08116944445,7490.98939722222,3960.74114166667,5128743787,15.8776,66340.211,10872.782
"1281","United States",2017,1338666724,1480058758,2265325631,6.9684,4.5528,4.1179,11851.041,31004.821,22763.049,6516.112,2282.533,1975.419,600.286,10076.8474555556,7399.92251666667,3852.59264166667,5084051113,15.6391,65618.911,11374.35
"1282","United States",2018,1283532215,1641041153,2316810796,7.083,5.017,3.924,11279.446,31512.417,25067.338,6455.254,2199.826,2092.608,716.584,10317.5121222222,8217.15005277778,3689.45863055556,5241384164,16.024,67859.201,11464.272
"1283","United States",2019,1098853710,1694894099,2313371925,7.0301,5.1506,3.3393,9573.128,31223.204,25728.83,6411.385,2040.469,2280.847,815.4,10314.4428833333,8492.37666944444,3150.45985833333,5107119734,15.52,66525.162,11548.101
